

INSERT INTO SUCURSALES VALUES (1, 'Marshall Agency', 'New York', 'EEUU');
INSERT INTO SUCURSALES VALUES (2, 'Williamson Agency', 'London', 'United Kingdom');
INSERT INTO SUCURSALES VALUES (3, 'Rahksa Imperial Corporation', 'Mumbai', 'India');
INSERT INTO SUCURSALES VALUES (4, 'GuruGuru Asociation', 'Bangalore', 'India');
INSERT INTO SUCURSALES VALUES (5, 'Amen Group', 'San Jose', 'Costa Rica');
INSERT INTO SUCURSALES VALUES (6, 'Rococheti Agency', 'Torento', 'Italy');
INSERT INTO SUCURSALES VALUES (7, 'Chennai SL', 'Chennai', 'India');
INSERT INTO SUCURSALES VALUES (8, 'McTavish Agency', 'Hampshair', 'United Kingdom');
INSERT INTO SUCURSALES VALUES (9, 'Snake Corp.', 'Brisban', 'Australia');

INSERT INTO DIRECTORES VALUES ('D001', 1, 'Marshall Robers', 'New York', 6000, '077-48612961', 'EEUU');
INSERT INTO DIRECTORES VALUES ('D002', 2, 'John Williamson', 'London', 5000, '077-48612964','United Kingdom');
INSERT INTO DIRECTORES VALUES ('D003', 3, 'Rahksa Gubolo', 'Mumbai', 4500, '077-88612961', 'India');
INSERT INTO DIRECTORES VALUES ('D004', 4, 'Guru Uroboro', 'Bangalore', 3000, '079-48612961', 'India');
INSERT INTO DIRECTORES VALUES ('D005', 5, 'Amador Martinez', 'San Jose', 4000, '077-48316961', 'Costa Rica');
INSERT INTO DIRECTORES VALUES ('D006', 6, 'Rocco Rococheti', 'Torento', 5000, '077-48692061', 'Italy');
INSERT INTO DIRECTORES VALUES ('D007', 7, 'Chewbacca Darth Vader', 'Chennai', 2500, '067-48612961', 'India');
INSERT INTO DIRECTORES VALUES ('D008', 8, 'Miranda McTavish', 'Hampshair', 6000, '077-48782961', 'United Kingdom');
INSERT INTO DIRECTORES VALUES ('D009', 9, 'Hideo Kojima', 'Brisban', 6000, '066-48612961', 'Australia');

INSERT INTO AGENTES VALUES ('A007', 4, 'Ramasundar', 'Bangalore', 0.15, '077-25814763', 'India');
INSERT INTO AGENTES VALUES ('A003', 2, 'Alex', 'London', 0.13, '075-12458969', 'United Kingdom');
INSERT INTO AGENTES VALUES ('A008', 1, 'Alford', 'New York', 0.12, '044-25874365', 'EEUU');
INSERT INTO AGENTES VALUES ('A011', 4, 'Ravi Kumar', 'Bangalore', 0.15, '077-45625874', 'India');
INSERT INTO AGENTES VALUES ('A010', 7, 'Santakumar', 'Chennai', 0.14, '007-22388644', 'India');
INSERT INTO AGENTES VALUES ('A012', 5, 'Lucida', 'San Jose', 0.12, '044-52981425', 'Costa Rica');
INSERT INTO AGENTES VALUES ('A005', 9, 'Anderson', 'Brisban', 0.13, '045-21447739', 'Australia');
INSERT INTO AGENTES VALUES ('A001', 4, 'Subbarao', 'Bangalore', 0.14, '077-12346674', 'India');
INSERT INTO AGENTES VALUES ('A002', 3, 'Mukesh', 'Mumbai', 0.11, '029-12358964', 'India');
INSERT INTO AGENTES VALUES ('A006', 2, 'McDen', 'London', 0.15, '078-22255588', 'United Kingdom');
INSERT INTO AGENTES VALUES ('A004', 6, 'Ivan', 'Torento', 0.15, '008-22544166', 'Italy');
INSERT INTO AGENTES VALUES ('A009', 8, 'Benjamin', 'Hampshair', 0.11, '008-22536178', 'United Kingdom');

INSERT INTO CLIENTES VALUES ('C00013', 'Holmes', 'London', 'London', 'UK', 2, '0(4082)678-26-08', 'A003');
INSERT INTO CLIENTES VALUES ('C00001', 'Micheal', 'New York', 'New York', 'USA', 2, '030-694-42-87', 'A008');
INSERT INTO CLIENTES VALUES ('C00020', 'Albert', 'New York', 'New York', 'USA', 3,  '8(37)832-65-87', 'A008');
INSERT INTO CLIENTES VALUES ('C00025', 'Ravindran', 'Bangalore', 'Bangalore', 'India', 2, '77(7607)398-34-25', 'A011');
INSERT INTO CLIENTES VALUES ('C00024', 'Cook', 'London', 'London', 'UK', 2, '41(3912)519-99-35', 'A006');
INSERT INTO CLIENTES VALUES ('C00015', 'Stuart', 'London', 'London', 'UK', 1, '348-252-45-89', 'A003');
INSERT INTO CLIENTES VALUES ('C00002', 'Bolt', 'New York', 'New York', 'USA', 3, '726-368-85-12', 'A008');
INSERT INTO CLIENTES VALUES ('C00018', 'Fleming', 'Brisban', 'Brisban', 'Australia', 2, '06(800)625-21-58', 'A005');
INSERT INTO CLIENTES VALUES ('C00021', 'Jacks', 'Brisban', 'Brisban', 'Australia', 1, '72(2266)518-65-91', 'A005');
INSERT INTO CLIENTES VALUES ('C00019', 'Yearannaidu', 'Chennai', 'Chennai', 'India', 1, '746(00)546-32-15', 'A010');
INSERT INTO CLIENTES VALUES ('C00005', 'Sasikant', 'Mumbai', 'Mumbai', 'India', 1, '147-25896312', 'A002');
INSERT INTO CLIENTES VALUES ('C00007', 'Ramanathan', 'Chennai', 'Chennai', 'India', 1, '0(1218)929-68-74', 'A010');
INSERT INTO CLIENTES VALUES ('C00022', 'Avinash', 'Mumbai', 'Mumbai', 'India', 2, '113-12345678','A002');
INSERT INTO CLIENTES VALUES ('C00004', 'Winston', 'Brisban', 'Brisban', 'Australia', 1, '5(93)011-30-96', 'A005');
INSERT INTO CLIENTES VALUES ('C00023', 'Karl', 'London', 'London', 'UK', 0, '149-40-16', 'A006');
INSERT INTO CLIENTES VALUES ('C00006', 'Shilton', 'Torento', 'Torento', 'Canada', 1,  '515-16-14', 'A004');
INSERT INTO CLIENTES VALUES ('C00010', 'Charles', 'Hampshair', 'Hampshair', 'UK', 3, '304-250-76-23', 'A009');
INSERT INTO CLIENTES VALUES ('C00017', 'Srinivas', 'Bangalore', 'Bangalore', 'India', 2, '3165-78-06', 'A007');
INSERT INTO CLIENTES VALUES ('C00012', 'Steven', 'San Jose', 'San Jose', 'USA', 1, '1(08)089-34-00', 'A012');
INSERT INTO CLIENTES VALUES ('C00008', 'Karolina', 'Torento', 'Torento', 'Canada', 1, '21(2994)811-00-88', 'A004');
INSERT INTO CLIENTES VALUES ('C00003', 'Martin', 'Torento', 'Torento', 'Canada', 2, '345(94)963-54-68', 'A004');
INSERT INTO CLIENTES VALUES ('C00009', 'Ramesh', 'Mumbai', 'Mumbai', 'India', 3, '9(586)981-87-85', 'A002');
INSERT INTO CLIENTES VALUES ('C00014', 'Rangarappa', 'Bangalore', 'Bangalore', 'India', 2, '98(7846)661-72-29', 'A001');
INSERT INTO CLIENTES VALUES ('C00016', 'Venkatpati', 'Bangalore', 'Bangalore', 'India', 2, '339(24)156-25-41', 'A007');
INSERT INTO CLIENTES VALUES ('C00011', 'Sundariya', 'Chennai', 'Chennai', 'India', 3, '214(073)944-04-15', 'A010');

INSERT INTO PEDIDOS VALUES(200100, 1000.00, 600.00, TO_DATE('2008-08-01', 'yyyy/mm/dd'), 'C00013', 'A003', 'SOD1');
INSERT INTO PEDIDOS VALUES(200110, 3000.00, 500.00, TO_DATE('2008-04-15', 'yyyy/mm/dd'), 'C00019', 'A010', 'SOD2');
INSERT INTO PEDIDOS VALUES(200107, 4500.00, 900.00, TO_DATE('2008-08-30', 'yyyy/mm/dd'), 'C00007', 'A010', 'SOD3');
INSERT INTO PEDIDOS VALUES(200112, 2000.00, 400.99, TO_DATE('2008-05-30', 'yyyy/mm/dd'), 'C00016', 'A007', 'SOD3'); 
INSERT INTO PEDIDOS VALUES(200113, 4000.00, 600.00, TO_DATE('2008-06-10', 'yyyy/mm/dd'), 'C00022', 'A002', 'SOD3');
INSERT INTO PEDIDOS VALUES(200102, 2000.00, 300.00, TO_DATE('2008-05-25', 'yyyy/mm/dd'), 'C00012', 'A012', 'SOD3');
INSERT INTO PEDIDOS VALUES(200114, 3500.00, 2000.50, TO_DATE('2008-08-15', 'yyyy/mm/dd'), 'C00002', 'A008', 'SOD2');
INSERT INTO PEDIDOS VALUES(200122, 2500.56, 400.00, TO_DATE('2012-09-16', 'yyyy/mm/dd'), 'C00003', 'A004', 'SOD1');
INSERT INTO PEDIDOS VALUES(200118, 500.00, 100.00, TO_DATE('2010-07-20', 'yyyy/mm/dd'), 'C00023', 'A006', 'SOD1');
INSERT INTO PEDIDOS VALUES(200119, 4000.00, 700.00, TO_DATE('2010-09-16', 'yyyy/mm/dd'), 'C00007', 'A010', 'SOD1');
INSERT INTO PEDIDOS VALUES(200121, 1500.00, 600.00, TO_DATE('2009-09-02', 'yyyy/mm/dd'), 'C00008', 'A004', 'SOD1');
INSERT INTO PEDIDOS VALUES(200130, 2500.00, 400.00, TO_DATE('2009-07-30', 'yyyy/mm/dd'), 'C00025', 'A011', 'SOD2');
INSERT INTO PEDIDOS VALUES(200134, 4200.00, 1800.80, TO_DATE('2009-08-25', 'yyyy/mm/dd'), 'C00004', 'A005', 'SOD2');
INSERT INTO PEDIDOS VALUES(200108, 4000.00, 600.00, TO_DATE('2014-02-15', 'yyyy/mm/dd'), 'C00008', 'A004', 'SOD2');
INSERT INTO PEDIDOS VALUES(200103, 1500.00, 700.00, TO_DATE('2010-05-15', 'yyyy/mm/dd'), 'C00021', 'A005', 'SOD2');
INSERT INTO PEDIDOS VALUES(200105, 2500.00, 500.00, TO_DATE('2012-07-18', 'yyyy/mm/dd'), 'C00025', 'A011', 'SOD2');
INSERT INTO PEDIDOS VALUES(200109, 3500.00, 800.00, TO_DATE('2008-07-30', 'yyyy/mm/dd'), 'C00011', 'A010', 'SOD2');
INSERT INTO PEDIDOS VALUES(200101, 3000.00, 1000.00, TO_DATE('2007-08-15', 'yyyy/mm/dd'), 'C00001', 'A008', 'SOD3');
INSERT INTO PEDIDOS VALUES(200111, 1000.00, 300.00, TO_DATE('2008-07-10', 'yyyy/mm/dd'), 'C00020', 'A008', 'SOD1');
INSERT INTO PEDIDOS VALUES(200104, 1500.00, 500.00, TO_DATE('2008-03-13', 'yyyy/mm/dd'), 'C00006', 'A004', 'SOD2');
INSERT INTO PEDIDOS VALUES(200106, 2500.00, 700.20, TO_DATE('2015-04-20', 'yyyy/mm/dd'), 'C00005', 'A002', 'SOD3');
INSERT INTO PEDIDOS VALUES(200125, 2000.00, 600.46, TO_DATE('2016-10-10', 'yyyy/mm/dd'), 'C00018', 'A005', 'SOD2');
INSERT INTO PEDIDOS VALUES(200117, 800.00, 300.00, TO_DATE('2019-10-20', 'yyyy/mm/dd'), 'C00014', 'A001', 'SOD2');
INSERT INTO PEDIDOS VALUES(200123, 500.00, 100.96, TO_DATE('2018-09-16', 'yyyy/mm/dd'), 'C00022', 'A002', 'SOD1');
INSERT INTO PEDIDOS VALUES(200120, 500.00, 100.00, TO_DATE('2012-07-20', 'yyyy/mm/dd'), 'C00009', 'A002', 'SOD1');
INSERT INTO PEDIDOS VALUES(200116, 500.00, 100.00, TO_DATE('2013-07-13', 'yyyy/mm/dd'), 'C00010', 'A009', 'SOD3');
INSERT INTO PEDIDOS VALUES(200124, 500.00, 100.00, TO_DATE('2022-06-20', 'yyyy/mm/dd'), 'C00017', 'A007', 'SOD1'); 
INSERT INTO PEDIDOS VALUES(200126, 500.00, 100.00, TO_DATE('2021-06-24', 'yyyy/mm/dd'), 'C00022', 'A002', 'SOD3');
INSERT INTO PEDIDOS VALUES(200129, 2500.00, 500.00, TO_DATE('2020-07-20', 'yyyy/mm/dd'), 'C00024', 'A006', 'SOD3');
INSERT INTO PEDIDOS VALUES(200127, 2500.00, 400.00, TO_DATE('2015-07-20', 'yyyy/mm/dd'), 'C00015', 'A003', 'SOD1');
INSERT INTO PEDIDOS VALUES(200128, 3500.00, 1500.00, TO_DATE('2007-07-20', 'yyyy/mm/dd'), 'C00009', 'A002', 'SOD2');
INSERT INTO PEDIDOS VALUES(200135, 2000.00, 800.00, TO_DATE('2009-09-16', 'yyyy/mm/dd'), 'C00007', 'A010', 'SOD3');
INSERT INTO PEDIDOS VALUES(200131, 900.99, 150.00, TO_DATE('2010-08-26', 'yyyy/mm/dd'), 'C00012', 'A012', 'SOD3');
INSERT INTO PEDIDOS VALUES(200133, 1200.00, 400.00, TO_DATE('2006-06-29', 'yyyy/mm/dd'), 'C00009', 'A002', 'SOD1');
