CREATE TABLE AGENTES
   (	
    	CODIGO VARCHAR(6), 
	NOMBRE VARCHAR(40), 
	AREA_TRABAJO VARCHAR(35), 
	COMISION DECIMAL(10,2), 
	TELEFONO VARCHAR(15), 
	PAIS VARCHAR(25),
	CONSTRAINT agentes_pk PRIMARY KEY (CODIGO)
   );
   
INSERT INTO AGENTES VALUES ('A007', 'Ramasundar', 'Bangalore', 0.15, '077-25814763', 'India');
INSERT INTO AGENTES VALUES ('A003', 'Alex ', 'London', 0.13, '075-12458969', 'United Kingdom');
INSERT INTO AGENTES VALUES ('A008', 'Alford', 'New York', 0.12, '044-25874365', 'EEUU');
INSERT INTO AGENTES VALUES ('A011', 'Ravi Kumar', 'Bangalore', 0.15, '077-45625874', 'India');
INSERT INTO AGENTES VALUES ('A010', 'Santakumar', 'Chennai', 0.14, '007-22388644', 'India');
INSERT INTO AGENTES VALUES ('A012', 'Lucida', 'San Jose', 0.12, '044-52981425', 'Costa Rica');
INSERT INTO AGENTES VALUES ('A005', 'Anderson', 'Brisban', 0.13, '045-21447739', 'Australia');
INSERT INTO AGENTES VALUES ('A001', 'Subbarao', 'Bangalore', 0.14, '077-12346674', 'India');
INSERT INTO AGENTES VALUES ('A002', 'Mukesh', 'Mumbai', 0.11, '029-12358964', 'India');
INSERT INTO AGENTES VALUES ('A006', 'McDen', 'London', 0.15, '078-22255588', 'United Kingdom');
INSERT INTO AGENTES VALUES ('A004', 'Ivan', 'Torento', 0.15, '008-22544166', 'Italy');
INSERT INTO AGENTES VALUES ('A009', 'Benjamin', 'Hampshair', 0.11, '008-22536178', 'United Kingdom');

CREATE TABLE CLIENTES 
   (	CODIGO VARCHAR(6), 
	NOMBRE VARCHAR(40) NOT NULL, 
	CIUDAD VARCHAR(35), 
	AREA_TRABAJO VARCHAR(35) NOT NULL, 
	PAIS VARCHAR(20) NOT NULL, 
	NIVEL INT(1), 
	TELEFONO VARCHAR(17) NOT NULL, 
	CODIGO_AGENTE VARCHAR(6),
    	CONSTRAINT clientes_pk PRIMARY KEY (CODIGO),
    	CONSTRAINT clientes_fk FOREIGN KEY (CODIGO_AGENTE) REFERENCES AGENTES(CODIGO)
);

INSERT INTO CUSTOMER VALUES ('C00013', 'Holmes', 'London', 'London', 'UK', 2, '0(4082)678-26-08', 'A003');
INSERT INTO CUSTOMER VALUES ('C00001', 'Micheal', 'New York', 'New York', 'USA', 2, '030(3042)694-42-87', 'A008');
INSERT INTO CUSTOMER VALUES ('C00020', 'Albert', 'New York', 'New York', 'USA', 3,  '8(37)832-65-87', 'A008');
INSERT INTO CUSTOMER VALUES ('C00025', 'Ravindran', 'Bangalore', 'Bangalore', 'India', 2, '77(7607)398-34-25', 'A011');
INSERT INTO CUSTOMER VALUES ('C00024', 'Cook', 'London', 'London', 'UK', 2, '41(3912)519-99-35', 'A006');
INSERT INTO CUSTOMER VALUES ('C00015', 'Stuart', 'London', 'London', 'UK', 1, '348(4273)252-45-89', 'A003');
INSERT INTO CUSTOMER VALUES ('C00002', 'Bolt', 'New York', 'New York', 'USA', 3, '726(5536)368-85-12', 'A008');
INSERT INTO CUSTOMER VALUES ('C00018', 'Fleming', 'Brisban', 'Brisban', 'Australia', 2, '06(800)625-21-58', 'A005');
INSERT INTO CUSTOMER VALUES ('C00021', 'Jacks', 'Brisban', 'Brisban', 'Australia', 1, '72(2266)518-65-91', 'A005');
INSERT INTO CUSTOMER VALUES ('C00019', 'Yearannaidu', 'Chennai', 'Chennai', 'India', 1, '746(00)546-32-15', 'A010');
INSERT INTO CUSTOMER VALUES ('C00005', 'Sasikant', 'Mumbai', 'Mumbai', 'India', 1, '147-25896312', 'A002');
INSERT INTO CUSTOMER VALUES ('C00007', 'Ramanathan', 'Chennai', 'Chennai', 'India', 1, '0(1218)929-68-74', 'A010');
INSERT INTO CUSTOMER VALUES ('C00022', 'Avinash', 'Mumbai', 'Mumbai', 'India', 2, '113-12345678','A002');
INSERT INTO CUSTOMER VALUES ('C00004', 'Winston', 'Brisban', 'Brisban', 'Australia', 1, '5(93)011-30-96', 'A005');
INSERT INTO CUSTOMER VALUES ('C00023', 'Karl', 'London', 'London', 'UK', 0, '4000.00', '55(13)149-40-16', 'A006');
INSERT INTO CUSTOMER VALUES ('C00006', 'Shilton', 'Torento', 'Torento', 'Canada', 1,  '04(51)515-16-14', 'A004');
INSERT INTO CUSTOMER VALUES ('C00010', 'Charles', 'Hampshair', 'Hampshair', 'UK', 3, '304(6700)250-76-23', 'A009');
INSERT INTO CUSTOMER VALUES ('C00017', 'Srinivas', 'Bangalore', 'Bangalore', 'India', 2, '3(5991)165-78-06', 'A007');
INSERT INTO CUSTOMER VALUES ('C00012', 'Steven', 'San Jose', 'San Jose', 'USA', 1, '1(08)089-34-00', 'A012');
INSERT INTO CUSTOMER VALUES ('C00008', 'Karolina', 'Torento', 'Torento', 'Canada', 1, '21(2994)811-00-88', 'A004');
INSERT INTO CUSTOMER VALUES ('C00003', 'Martin', 'Torento', 'Torento', 'Canada', 2, '345(94)963-54-68', 'A004');
INSERT INTO CUSTOMER VALUES ('C00009', 'Ramesh', 'Mumbai', 'Mumbai', 'India', 3, '9(586)981-87-85', 'A002');
INSERT INTO CUSTOMER VALUES ('C00014', 'Rangarappa', 'Bangalore', 'Bangalore', 'India', 2, '98(7846)661-72-29', 'A001');
INSERT INTO CUSTOMER VALUES ('C00016', 'Venkatpati', 'Bangalore', 'Bangalore', 'India', 2, '339(24)156-25-41', 'A007');
INSERT INTO CUSTOMER VALUES ('C00011', 'Sundariya', 'Chennai', 'Chennai', 'India', 3, '214(073)944-04-15', 'A010');

CREATE TABLE PEDIDOS
   (
        NUM_PEDIDO INT(6), 
	PRECIO_PEDIDO DECIMAL(12,2) NOT NULL, 
	SEÑAL DECIMAL(12,2) NOT NULL, 
	FECHA_PEDIDO DATE NOT NULL, 
	CODIGO_CLIENTE VARCHAR(6), 
	CODIGO_AGENTE VARCHAR(6), 
	DESCRIPCION_PEDIDO VARCHAR(60) NOT NULL,
	CONSTRAINT pedidos_pk PRIMARY KEY (NUM_PEDIDO),
	CONSTRAINT pedidos_fk1 FOREIGN KEY (CODIGO_CLIENTE) REFERENCES CLIENTES(CODIGO),
	CONSTRAINT pedidos_fk2 FOREIGN KEY (CODIGO_AGENTE) REFERENCES AGENTES(CODIGO)
   );

INSERT INTO ORDERS VALUES(200100, 1000.00, 600.00, '08/01/2008', 'C00013', 'A003', 'SOD');
INSERT INTO ORDERS VALUES(200110, 3000.00, 500.00, '04/15/2008', 'C00019', 'A010', 'SOD');
INSERT INTO ORDERS VALUES(200107, 4500.00, 900.00, '08/30/2008', 'C00007', 'A010', 'SOD');
INSERT INTO ORDERS VALUES(200112, 2000.00, 400.99, '05/30/2008', 'C00016', 'A007', 'SOD'); 
INSERT INTO ORDERS VALUES(200113, 4000.00, 600.00, '06/10/2008', 'C00022', 'A002', 'SOD');
INSERT INTO ORDERS VALUES(200102, 2000.00, 300.00, '05/25/2008', 'C00012', 'A012', 'SOD');
INSERT INTO ORDERS VALUES(200114, 3500.00, 2000.50, '08/15/2008', 'C00002', 'A008', 'SOD');
INSERT INTO ORDERS VALUES(200122, 2500.56, 400.00, '09/16/2008', 'C00003', 'A004', 'SOD');
INSERT INTO ORDERS VALUES(200118, 500.00, 100.00, '07/20/2008', 'C00023', 'A006', 'SOD');
INSERT INTO ORDERS VALUES(200119, 4000.00, 700.00, '09/16/2008', 'C00007', 'A010', 'SOD');
INSERT INTO ORDERS VALUES(200121, 1500.00, 600.00, '09/23/2008', 'C00008', 'A004', 'SOD');
INSERT INTO ORDERS VALUES(200130, 2500.00, 400.00, '07/30/2008', 'C00025', 'A011', 'SOD');
INSERT INTO ORDERS VALUES(200134, 4200.00, 1800.80, '09/25/2008', 'C00004', 'A005', 'SOD');
INSERT INTO ORDERS VALUES(200108, 4000.00, 600.00, '02/15/2008', 'C00008', 'A004', 'SOD');
INSERT INTO ORDERS VALUES(200103, 1500.00, 700.00, '05/15/2008', 'C00021', 'A005', 'SOD');
INSERT INTO ORDERS VALUES(200105, 2500.00, 500.00, '07/18/2008', 'C00025', 'A011', 'SOD');
INSERT INTO ORDERS VALUES(200109, 3500.00, 800.00, '07/30/2008', 'C00011', 'A010', 'SOD');
INSERT INTO ORDERS VALUES(200101, 3000.00, 1000.00, '07/15/2008', 'C00001', 'A008', 'SOD');
INSERT INTO ORDERS VALUES(200111, 1000.00, 300.00, '07/10/2008', 'C00020', 'A008', 'SOD');
INSERT INTO ORDERS VALUES(200104, 1500.00, 500.00, '03/13/2008', 'C00006', 'A004', 'SOD');
INSERT INTO ORDERS VALUES(200106, 2500.00, 700.20, '04/20/2008', 'C00005', 'A002', 'SOD');
INSERT INTO ORDERS VALUES(200125, 2000.00, 600.46, '10/10/2008', 'C00018', 'A005', 'SOD');
INSERT INTO ORDERS VALUES(200117, 800.00, 300.00, '10/20/2008', 'C00014', 'A001', 'SOD');
INSERT INTO ORDERS VALUES(200123, 500.00, 100.96, '09/16/2008', 'C00022', 'A002', 'SOD');
INSERT INTO ORDERS VALUES(200120, 500.00, 100.00, '07/20/2008', 'C00009', 'A002', 'SOD');
INSERT INTO ORDERS VALUES(200116, 500.00, 100.00, '07/13/2008', 'C00010', 'A009', 'SOD');
INSERT INTO ORDERS VALUES(200124, 500.00, 100.00, '06/20/2008', 'C00017', 'A007', 'SOD'); 
INSERT INTO ORDERS VALUES(200126, 500.00, 100.00, '06/24/2008', 'C00022', 'A002', 'SOD');
INSERT INTO ORDERS VALUES(200129, 2500.00, 500.00, '07/20/2008', 'C00024', 'A006', 'SOD');
INSERT INTO ORDERS VALUES(200127, 2500.00, 400.00, '07/20/2008', 'C00015', 'A003', 'SOD');
INSERT INTO ORDERS VALUES(200128, 3500.00, 1500.00, '07/20/2008', 'C00009', 'A002', 'SOD');
INSERT INTO ORDERS VALUES(200135, 2000.00, 800.00, '09/16/2008', 'C00007', 'A010', 'SOD');
INSERT INTO ORDERS VALUES(200131, 900.99, 150.00, '08/26/2008', 'C00012', 'A012', 'SOD');
INSERT INTO ORDERS VALUES(200133, 1200.00, 400.00, '06/29/2008', 'C00009', 'A002', 'SOD');
